<iq:manifest xmlns:iq="http://www.garmin.com/xml/connectiq" version="3">
    <iq:application entry="SleepTrackerApp" id="YOUR_APP_UUID_HERE" launcherIcon="@Drawables.LauncherIcon" minApiLevel="3.2.0" name="@Strings.AppName" type="watch-app" version="1.0.0">
        <iq:products>
            <!-- Fenix Series -->
            <iq:product id="fenix6"/>
            <iq:product id="fenix6pro"/>
            <iq:product id="fenix6s"/>
            <iq:product id="fenix6spro"/>
            <iq:product id="fenix6xpro"/>
            <iq:product id="fenix7"/>
            <iq:product id="fenix7s"/>
            <iq:product id="fenix7x"/>
            <iq:product id="fenix7pro"/>
            <iq:product id="fenix7spro"/>
            <iq:product id="fenix7xpro"/>
            <iq:product id="fenix8"/>
            <iq:product id="fenix8_51mm"/>

            <!-- Epix Series -->
            <iq:product id="epix2"/>
            <iq:product id="epix2pro42mm"/>
            <iq:product id="epix2pro47mm"/>
            <iq:product id="epix2pro51mm"/>

            <!-- Enduro Series -->
            <iq:product id="enduro"/>
            <iq:product id="enduro2"/>

            <!-- Instinct Series -->
            <iq:product id="instinct"/>
            <iq:product id="instinct2"/>
            <iq:product id="instinct2s"/>
            <iq:product id="instinct2x"/>

            <!-- Forerunner Series -->
            <iq:product id="fr55"/>
            <iq:product id="fr165"/>
            <iq:product id="fr165m"/>
            <iq:product id="fr255"/>
            <iq:product id="fr255m"/>
            <iq:product id="fr255s"/>
            <iq:product id="fr265"/>
            <iq:product id="fr265s"/>
            <iq:product id="fr745"/>
            <iq:product id="fr945"/>
            <iq:product id="fr955"/>
            <iq:product id="fr965"/>

            <!-- Venu Series -->
            <iq:product id="venusq"/>
            <iq:product id="venusq2"/>
            <iq:product id="venusq2m"/>
            <iq:product id="venu"/>
            <iq:product id="venu2"/>
            <iq:product id="venu2plus"/>
            <iq:product id="venu2s"/>
            <iq:product id="venu3"/>
            <iq:product id="venu3s"/>

            <!-- Vivoactive Series -->
            <iq:product id="vivoactive4"/>
            <iq:product id="vivoactive4s"/>
            <iq:product id="vivoactive5"/>
        </iq:products>

        <iq:permissions>
            <iq:uses-permission id="Sensor"/>
            <iq:uses-permission id="SensorHistory"/>
            <iq:uses-permission id="Attention"/>
        </iq:permissions>

        <iq:languages>
            <iq:language>eng</iq:language>
        </iq:languages>

        <iq:barrels/>
    </iq:application>
</iq:manifest>
